person,trial,choice,site
1,1,sensible,Aberdeen
1,2,sensible,Aberdeen
1,3,sensible,Aberdeen
1,4,sensible,Aberdeen
1,5,sensible,Aberdeen
1,6,sensible,Aberdeen
2,1,sensible,Aberdeen
2,2,sensible,Aberdeen
2,3,sensible,Aberdeen
2,4,sensible,Aberdeen
2,5,sensible,Aberdeen
2,6,sensible,Aberdeen
3,1,double_pre_cra,Aberdeen
3,2,double_pre_cra,Aberdeen
3,3,double_pre_cra,Aberdeen
3,4,double_pre_cra,Aberdeen
3,5,double_pre_cra,Aberdeen
3,6,double_pre_cra,Aberdeen
4,1,sensible,Aberdeen
4,2,sensible,Aberdeen
4,3,sensible,Aberdeen
4,4,sensible,Aberdeen
4,5,sensible,Aberdeen
4,6,sensible,Aberdeen
5,1,pre_crastinate,Aberdeen
5,2,pre_crastinate,Aberdeen
5,3,pre_crastinate,Aberdeen
5,4,pre_crastinate,Aberdeen
5,5,pre_crastinate,Aberdeen
5,6,pre_crastinate,Aberdeen
6,1,double_pre_cra,Aberdeen
6,2,double_pre_cra,Aberdeen
6,3,double_pre_cra,Aberdeen
6,4,double_pre_cra,Aberdeen
6,5,double_pre_cra,Aberdeen
6,6,double_pre_cra,Aberdeen
7,1,pre_crastinate,Aberdeen
7,2,pre_crastinate,Aberdeen
7,3,pre_crastinate,Aberdeen
7,4,pre_crastinate,Aberdeen
7,5,pre_crastinate,Aberdeen
7,6,pre_crastinate,Aberdeen
8,1,double_pre_cra,Aberdeen
8,2,double_pre_cra,Aberdeen
8,3,double_pre_cra,Aberdeen
8,4,double_pre_cra,Aberdeen
8,5,double_pre_cra,Aberdeen
8,6,double_pre_cra,Aberdeen
9,1,pre_crastinate,Aberdeen
9,2,pre_crastinate,Aberdeen
9,3,pre_crastinate,Aberdeen
9,4,pre_crastinate,Aberdeen
9,5,pre_crastinate,Aberdeen
9,6,pre_crastinate,Aberdeen
10,1,pre_crastinate,Aberdeen
10,2,pre_crastinate,Aberdeen
10,3,pre_crastinate,Aberdeen
10,4,pre_crastinate,Aberdeen
10,5,pre_crastinate,Aberdeen
10,6,pre_crastinate,Aberdeen
11,1,double_pre_cra,Aberdeen
11,2,double_pre_cra,Aberdeen
11,3,double_pre_cra,Aberdeen
11,4,double_pre_cra,Aberdeen
11,5,double_pre_cra,Aberdeen
11,6,double_pre_cra,Aberdeen
12,1,pre_crastinate,Aberdeen
12,2,sensible,Aberdeen
12,3,sensible,Aberdeen
12,4,sensible,Aberdeen
12,5,sensible,Aberdeen
12,6,sensible,Aberdeen
13,1,sensible,Aberdeen
13,2,sensible,Aberdeen
13,3,sensible,Aberdeen
13,4,sensible,Aberdeen
13,5,sensible,Aberdeen
13,6,sensible,Aberdeen
14,1,pre_crastinate,Aberdeen
14,2,sensible,Aberdeen
14,3,sensible,Aberdeen
14,4,sensible,Aberdeen
14,5,sensible,Aberdeen
14,6,sensible,Aberdeen
15,1,pre_crastinate,Aberdeen
15,2,sensible,Aberdeen
15,3,sensible,Aberdeen
15,4,sensible,Aberdeen
15,5,sensible,Aberdeen
15,6,sensible,Aberdeen
16,1,double_pre_cra,Aberdeen
16,2,double_pre_cra,Aberdeen
16,3,double_pre_cra,Aberdeen
16,4,double_pre_cra,Aberdeen
16,5,double_pre_cra,Aberdeen
16,6,double_pre_cra,Aberdeen
17,1,pre_crastinate,Aberdeen
17,2,sensible,Aberdeen
17,3,sensible,Aberdeen
17,4,sensible,Aberdeen
17,5,sensible,Aberdeen
17,6,sensible,Aberdeen
18,1,pre_crastinate,Aberdeen
18,2,sensible,Aberdeen
18,3,sensible,Aberdeen
18,4,sensible,Aberdeen
18,5,sensible,Aberdeen
18,6,sensible,Aberdeen
19,1,double_pre_cra,Aberdeen
19,2,double_pre_cra,Aberdeen
19,3,double_pre_cra,Aberdeen
19,4,double_pre_cra,Aberdeen
19,5,double_pre_cra,Aberdeen
19,6,double_pre_cra,Aberdeen
20,1,double_pre_cra,Aberdeen
20,2,double_pre_cra,Aberdeen
20,3,sensible,Aberdeen
20,4,sensible,Aberdeen
20,5,sensible,Aberdeen
20,6,sensible,Aberdeen
21,1,sensible,Aberdeen
21,2,sensible,Aberdeen
21,3,sensible,Aberdeen
21,4,sensible,Aberdeen
21,5,sensible,Aberdeen
21,6,sensible,Aberdeen
22,1,sensible,Aberdeen
22,2,sensible,Aberdeen
22,3,sensible,Aberdeen
22,4,sensible,Aberdeen
22,5,sensible,Aberdeen
22,6,sensible,Aberdeen
23,1,sensible,Aberdeen
23,2,sensible,Aberdeen
23,3,sensible,Aberdeen
23,4,sensible,Aberdeen
23,5,sensible,Aberdeen
23,6,sensible,Aberdeen
24,1,sensible,Aberdeen
24,2,sensible,Aberdeen
24,3,pre_crastinate,Aberdeen
24,4,sensible,Aberdeen
24,5,sensible,Aberdeen
24,6,sensible,Aberdeen
25,1,pre_crastinate,Aberdeen
25,2,pre_crastinate,Aberdeen
25,3,pre_crastinate,Aberdeen
25,4,pre_crastinate,Aberdeen
25,5,pre_crastinate,Aberdeen
25,6,pre_crastinate,Aberdeen
26,1,double_pre_cra,Aberdeen
26,2,double_pre_cra,Aberdeen
26,3,double_pre_cra,Aberdeen
26,4,double_pre_cra,Aberdeen
26,5,double_pre_cra,Aberdeen
26,6,double_pre_cra,Aberdeen
27,1,sensible,Aberdeen
27,2,sensible,Aberdeen
27,3,sensible,Aberdeen
27,4,sensible,Aberdeen
27,5,sensible,Aberdeen
27,6,sensible,Aberdeen
28,1,sensible,Aberdeen
28,2,sensible,Aberdeen
28,3,sensible,Aberdeen
28,4,sensible,Aberdeen
28,5,sensible,Aberdeen
28,6,sensible,Aberdeen
29,1,pre_crastinate,Aberdeen
29,2,pre_crastinate,Aberdeen
29,3,sensible,Aberdeen
29,4,pre_crastinate,Aberdeen
29,5,sensible,Aberdeen
29,6,pre_crastinate,Aberdeen
30,1,sensible,Aberdeen
30,2,sensible,Aberdeen
30,3,sensible,Aberdeen
30,4,sensible,Aberdeen
30,5,sensible,Aberdeen
30,6,sensible,Aberdeen
31,1,sensible,Aberdeen
31,2,sensible,Aberdeen
31,3,sensible,Aberdeen
31,4,sensible,Aberdeen
31,5,sensible,Aberdeen
31,6,sensible,Aberdeen
32,1,sensible,Aberdeen
32,2,sensible,Aberdeen
32,3,sensible,Aberdeen
32,4,sensible,Aberdeen
32,5,sensible,Aberdeen
32,6,sensible,Aberdeen
33,1,pre_crastinate,Aberdeen
33,2,pre_crastinate,Aberdeen
33,3,pre_crastinate,Aberdeen
33,4,pre_crastinate,Aberdeen
33,5,pre_crastinate,Aberdeen
33,6,pre_crastinate,Aberdeen
34,1,sensible,Aberdeen
34,2,sensible,Aberdeen
34,3,sensible,Aberdeen
34,4,sensible,Aberdeen
34,5,sensible,Aberdeen
34,6,sensible,Aberdeen
35,1,double_pre_cra,Aberdeen
35,2,double_pre_cra,Aberdeen
35,3,double_pre_cra,Aberdeen
35,4,double_pre_cra,Aberdeen
35,5,double_pre_cra,Aberdeen
35,6,double_pre_cra,Aberdeen
37,1,sensible,Aberdeen
37,2,sensible,Aberdeen
37,3,sensible,Aberdeen
37,4,sensible,Aberdeen
37,5,sensible,Aberdeen
37,6,sensible,Aberdeen
38,1,sensible,Aberdeen
38,2,sensible,Aberdeen
38,3,sensible,Aberdeen
38,4,sensible,Aberdeen
38,5,sensible,Aberdeen
38,6,sensible,Aberdeen
39,1,pre_crastinate,Aberdeen
39,2,pre_crastinate,Aberdeen
39,3,pre_crastinate,Aberdeen
39,4,pre_crastinate,Aberdeen
39,5,pre_crastinate,Aberdeen
39,6,pre_crastinate,Aberdeen
40,1,sensible,Aberdeen
40,2,sensible,Aberdeen
40,3,sensible,Aberdeen
40,4,sensible,Aberdeen
40,5,sensible,Aberdeen
40,6,sensible,Aberdeen
41,1,sensible,Aberdeen
41,2,sensible,Aberdeen
41,3,sensible,Aberdeen
41,4,sensible,Aberdeen
41,5,sensible,Aberdeen
41,6,sensible,Aberdeen
42,1,sensible,Aberdeen
42,2,sensible,Aberdeen
42,3,sensible,Aberdeen
42,4,pre_crastinate,Aberdeen
42,5,pre_crastinate,Aberdeen
42,6,pre_crastinate,Aberdeen
43,1,sensible,Aberdeen
43,2,sensible,Aberdeen
43,3,sensible,Aberdeen
43,4,sensible,Aberdeen
43,5,sensible,Aberdeen
43,6,sensible,Aberdeen
44,1,pre_crastinate,Aberdeen
44,2,pre_crastinate,Aberdeen
44,3,pre_crastinate,Aberdeen
44,4,pre_crastinate,Aberdeen
44,5,pre_crastinate,Aberdeen
44,6,pre_crastinate,Aberdeen
45,1,pre_crastinate,Aberdeen
45,2,pre_crastinate,Aberdeen
45,3,pre_crastinate,Aberdeen
45,4,pre_crastinate,Aberdeen
45,5,pre_crastinate,Aberdeen
45,6,pre_crastinate,Aberdeen
46,1,pre_crastinate,Aberdeen
46,2,pre_crastinate,Aberdeen
46,3,pre_crastinate,Aberdeen
46,4,pre_crastinate,Aberdeen
46,5,pre_crastinate,Aberdeen
46,6,pre_crastinate,Aberdeen
101,1,sensible,Aberdeen
101,2,sensible,Aberdeen
101,3,sensible,Aberdeen
101,4,sensible,Aberdeen
101,5,sensible,Aberdeen
101,6,sensible,Aberdeen
102,1,sensible,Aberdeen
102,2,sensible,Aberdeen
102,3,sensible,Aberdeen
102,4,sensible,Aberdeen
102,5,sensible,Aberdeen
102,6,sensible,Aberdeen
103,1,sensible,Aberdeen
103,2,sensible,Aberdeen
103,3,sensible,Aberdeen
103,4,sensible,Aberdeen
103,5,sensible,Aberdeen
103,6,sensible,Aberdeen
104,1,sensible,Aberdeen
104,2,sensible,Aberdeen
104,3,sensible,Aberdeen
104,4,sensible,Aberdeen
104,5,sensible,Aberdeen
104,6,sensible,Aberdeen
105,1,pre_crastinate,Aberdeen
105,2,sensible,Aberdeen
105,3,sensible,Aberdeen
105,4,sensible,Aberdeen
105,5,sensible,Aberdeen
105,6,sensible,Aberdeen
106,1,pre_crastinate,Aberdeen
106,2,pre_crastinate,Aberdeen
106,3,pre_crastinate,Aberdeen
106,4,pre_crastinate,Aberdeen
106,5,pre_crastinate,Aberdeen
106,6,pre_crastinate,Aberdeen
107,1,pre_crastinate,Aberdeen
107,2,pre_crastinate,Aberdeen
107,3,pre_crastinate,Aberdeen
107,4,pre_crastinate,Aberdeen
107,5,pre_crastinate,Aberdeen
107,6,pre_crastinate,Aberdeen
108,1,pre_crastinate,Aberdeen
108,2,pre_crastinate,Aberdeen
108,3,pre_crastinate,Aberdeen
108,4,pre_crastinate,Aberdeen
108,5,pre_crastinate,Aberdeen
108,6,pre_crastinate,Aberdeen
109,1,pre_crastinate,Aberdeen
109,2,pre_crastinate,Aberdeen
109,3,pre_crastinate,Aberdeen
109,4,pre_crastinate,Aberdeen
109,5,pre_crastinate,Aberdeen
109,6,pre_crastinate,Aberdeen
110,1,pre_crastinate,Aberdeen
110,2,sensible,Aberdeen
110,3,sensible,Aberdeen
110,4,sensible,Aberdeen
110,5,sensible,Aberdeen
110,6,sensible,Aberdeen
111,1,sensible,Aberdeen
111,2,sensible,Aberdeen
111,3,sensible,Aberdeen
111,4,sensible,Aberdeen
111,5,sensible,Aberdeen
111,6,pre_crastinate,Aberdeen
112,1,sensible,Aberdeen
112,2,sensible,Aberdeen
112,3,sensible,Aberdeen
112,4,sensible,Aberdeen
112,5,sensible,Aberdeen
112,6,sensible,Aberdeen
113,1,pre_crastinate,Aberdeen
113,2,pre_crastinate,Aberdeen
113,3,pre_crastinate,Aberdeen
113,4,sensible,Aberdeen
113,5,pre_crastinate,Aberdeen
113,6,pre_crastinate,Aberdeen
114,1,sensible,Aberdeen
114,2,sensible,Aberdeen
114,3,pre_crastinate,Aberdeen
114,4,sensible,Aberdeen
114,5,pre_crastinate,Aberdeen
114,6,pre_crastinate,Aberdeen
115,1,pre_crastinate,Aberdeen
115,2,pre_crastinate,Aberdeen
115,3,pre_crastinate,Aberdeen
115,4,pre_crastinate,Aberdeen
115,5,pre_crastinate,Aberdeen
115,6,pre_crastinate,Aberdeen
116,1,sensible,Aberdeen
116,2,sensible,Aberdeen
116,3,sensible,Aberdeen
116,4,sensible,Aberdeen
116,5,sensible,Aberdeen
116,6,sensible,Aberdeen
117,1,pre_crastinate,Aberdeen
117,2,pre_crastinate,Aberdeen
117,3,pre_crastinate,Aberdeen
117,4,pre_crastinate,Aberdeen
117,5,pre_crastinate,Aberdeen
117,6,pre_crastinate,Aberdeen
118,1,pre_crastinate,Aberdeen
118,2,pre_crastinate,Aberdeen
118,3,pre_crastinate,Aberdeen
118,4,pre_crastinate,Aberdeen
118,5,pre_crastinate,Aberdeen
118,6,pre_crastinate,Aberdeen
119,1,pre_crastinate,Aberdeen
119,2,pre_crastinate,Aberdeen
119,3,pre_crastinate,Aberdeen
119,4,pre_crastinate,Aberdeen
119,5,pre_crastinate,Aberdeen
119,6,pre_crastinate,Aberdeen
120,1,pre_crastinate,Aberdeen
120,2,sensible,Aberdeen
120,3,sensible,Aberdeen
120,4,sensible,Aberdeen
120,5,sensible,Aberdeen
120,6,sensible,Aberdeen
121,1,sensible,Aberdeen
121,2,sensible,Aberdeen
121,3,sensible,Aberdeen
121,4,sensible,Aberdeen
121,5,sensible,Aberdeen
121,6,sensible,Aberdeen
122,1,pre_crastinate,Aberdeen
122,2,pre_crastinate,Aberdeen
122,3,pre_crastinate,Aberdeen
122,4,pre_crastinate,Aberdeen
122,5,pre_crastinate,Aberdeen
122,6,pre_crastinate,Aberdeen
123,1,sensible,Aberdeen
123,2,sensible,Aberdeen
123,3,sensible,Aberdeen
123,4,sensible,Aberdeen
123,5,sensible,Aberdeen
123,6,sensible,Aberdeen
124,1,pre_crastinate,Aberdeen
124,2,sensible,Aberdeen
124,3,sensible,Aberdeen
124,4,sensible,Aberdeen
124,5,sensible,Aberdeen
124,6,sensible,Aberdeen
125,1,sensible,Aberdeen
125,2,sensible,Aberdeen
125,3,sensible,Aberdeen
125,4,sensible,Aberdeen
125,5,sensible,Aberdeen
125,6,sensible,Aberdeen
126,1,sensible,Aberdeen
126,2,sensible,Aberdeen
126,3,sensible,Aberdeen
126,4,sensible,Aberdeen
126,5,sensible,Aberdeen
126,6,sensible,Aberdeen
300,1,sensible,Aberdeen
300,2,sensible,Aberdeen
300,3,sensible,Aberdeen
300,4,sensible,Aberdeen
300,5,sensible,Aberdeen
300,6,sensible,Aberdeen
301,1,double_pre_cra,Aberdeen
301,2,double_pre_cra,Aberdeen
301,3,double_pre_cra,Aberdeen
301,4,double_pre_cra,Aberdeen
301,5,double_pre_cra,Aberdeen
301,6,double_pre_cra,Aberdeen
302,1,pre_crastinate,Aberdeen
302,2,pre_crastinate,Aberdeen
302,3,pre_crastinate,Aberdeen
302,4,pre_crastinate,Aberdeen
302,5,pre_crastinate,Aberdeen
302,6,pre_crastinate,Aberdeen
303,1,pre_crastinate,Aberdeen
303,2,pre_crastinate,Aberdeen
303,3,pre_crastinate,Aberdeen
303,4,pre_crastinate,Aberdeen
303,5,pre_crastinate,Aberdeen
303,6,pre_crastinate,Aberdeen
304,1,pre_crastinate,Aberdeen
304,2,pre_crastinate,Aberdeen
304,3,pre_crastinate,Aberdeen
304,4,pre_crastinate,Aberdeen
304,5,sensible,Aberdeen
304,6,pre_crastinate,Aberdeen
305,1,pre_crastinate,Aberdeen
305,2,pre_crastinate,Aberdeen
305,3,pre_crastinate,Aberdeen
305,4,pre_crastinate,Aberdeen
305,5,pre_crastinate,Aberdeen
305,6,pre_crastinate,Aberdeen
306,1,pre_crastinate,Aberdeen
306,2,pre_crastinate,Aberdeen
306,3,pre_crastinate,Aberdeen
306,4,pre_crastinate,Aberdeen
306,5,pre_crastinate,Aberdeen
306,6,pre_crastinate,Aberdeen
307,1,pre_crastinate,Aberdeen
307,2,sensible,Aberdeen
307,3,sensible,Aberdeen
307,4,sensible,Aberdeen
307,5,sensible,Aberdeen
307,6,sensible,Aberdeen
308,1,pre_crastinate,Aberdeen
308,2,pre_crastinate,Aberdeen
308,3,pre_crastinate,Aberdeen
308,4,pre_crastinate,Aberdeen
308,5,pre_crastinate,Aberdeen
308,6,pre_crastinate,Aberdeen
309,1,pre_crastinate,Aberdeen
309,2,sensible,Aberdeen
309,3,sensible,Aberdeen
309,4,sensible,Aberdeen
309,5,sensible,Aberdeen
309,6,sensible,Aberdeen
310,1,pre_crastinate,Aberdeen
310,2,pre_crastinate,Aberdeen
310,3,pre_crastinate,Aberdeen
310,4,pre_crastinate,Aberdeen
310,5,pre_crastinate,Aberdeen
310,6,pre_crastinate,Aberdeen
311,1,sensible,Aberdeen
311,2,sensible,Aberdeen
311,3,sensible,Aberdeen
311,4,sensible,Aberdeen
311,5,sensible,Aberdeen
311,6,sensible,Aberdeen
312,1,pre_crastinate,Aberdeen
312,2,pre_crastinate,Aberdeen
312,3,pre_crastinate,Aberdeen
312,4,pre_crastinate,Aberdeen
312,5,pre_crastinate,Aberdeen
312,6,pre_crastinate,Aberdeen
313,1,pre_crastinate,Aberdeen
313,2,sensible,Aberdeen
313,3,sensible,Aberdeen
313,4,sensible,Aberdeen
313,5,sensible,Aberdeen
313,6,sensible,Aberdeen
314,1,sensible,Aberdeen
314,2,sensible,Aberdeen
314,3,sensible,Aberdeen
314,4,sensible,Aberdeen
314,5,sensible,Aberdeen
314,6,sensible,Aberdeen
315,1,pre_crastinate,Aberdeen
315,2,pre_crastinate,Aberdeen
315,3,pre_crastinate,Aberdeen
315,4,pre_crastinate,Aberdeen
315,5,pre_crastinate,Aberdeen
315,6,pre_crastinate,Aberdeen
316,1,sensible,Aberdeen
316,2,sensible,Aberdeen
316,3,sensible,Aberdeen
316,4,sensible,Aberdeen
316,5,sensible,Aberdeen
316,6,sensible,Aberdeen
317,1,pre_crastinate,Aberdeen
317,2,pre_crastinate,Aberdeen
317,3,pre_crastinate,Aberdeen
317,4,pre_crastinate,Aberdeen
317,5,pre_crastinate,Aberdeen
317,6,pre_crastinate,Aberdeen
318,1,pre_crastinate,Aberdeen
318,2,pre_crastinate,Aberdeen
318,3,pre_crastinate,Aberdeen
318,4,pre_crastinate,Aberdeen
318,5,pre_crastinate,Aberdeen
318,6,pre_crastinate,Aberdeen
319,1,pre_crastinate,Aberdeen
319,2,pre_crastinate,Aberdeen
319,3,pre_crastinate,Aberdeen
319,4,pre_crastinate,Aberdeen
319,5,pre_crastinate,Aberdeen
319,6,pre_crastinate,Aberdeen
320,1,sensible,Aberdeen
320,2,sensible,Aberdeen
320,3,sensible,Aberdeen
320,4,sensible,Aberdeen
320,5,sensible,Aberdeen
320,6,sensible,Aberdeen
321,1,pre_crastinate,Aberdeen
321,2,pre_crastinate,Aberdeen
321,3,pre_crastinate,Aberdeen
321,4,pre_crastinate,Aberdeen
321,5,sensible,Aberdeen
321,6,pre_crastinate,Aberdeen
322,1,pre_crastinate,Aberdeen
322,2,pre_crastinate,Aberdeen
322,3,pre_crastinate,Aberdeen
322,4,pre_crastinate,Aberdeen
322,5,pre_crastinate,Aberdeen
322,6,pre_crastinate,Aberdeen
402,1,sensible,Aberdeen
402,2,sensible,Aberdeen
402,3,pre_crastinate,Aberdeen
402,4,pre_crastinate,Aberdeen
402,5,pre_crastinate,Aberdeen
402,6,pre_crastinate,Aberdeen
403,1,pre_crastinate,Aberdeen
403,2,sensible,Aberdeen
403,3,sensible,Aberdeen
403,4,sensible,Aberdeen
403,5,sensible,Aberdeen
403,6,sensible,Aberdeen
404,1,double_pre_cra,Aberdeen
404,2,double_pre_cra,Aberdeen
404,3,double_pre_cra,Aberdeen
404,4,double_pre_cra,Aberdeen
404,5,double_pre_cra,Aberdeen
404,6,double_pre_cra,Aberdeen
405,1,pre_crastinate,Aberdeen
405,2,pre_crastinate,Aberdeen
405,3,pre_crastinate,Aberdeen
405,4,pre_crastinate,Aberdeen
405,5,pre_crastinate,Aberdeen
405,6,pre_crastinate,Aberdeen
406,1,double_pre_cra,Aberdeen
406,2,double_pre_cra,Aberdeen
406,3,double_pre_cra,Aberdeen
406,4,double_pre_cra,Aberdeen
406,5,double_pre_cra,Aberdeen
406,6,double_pre_cra,Aberdeen
407,1,pre_crastinate,Aberdeen
407,2,pre_crastinate,Aberdeen
407,3,pre_crastinate,Aberdeen
407,4,pre_crastinate,Aberdeen
407,5,pre_crastinate,Aberdeen
407,6,sensible,Aberdeen
408,1,pre_crastinate,Aberdeen
408,2,pre_crastinate,Aberdeen
408,3,pre_crastinate,Aberdeen
408,4,pre_crastinate,Aberdeen
408,5,pre_crastinate,Aberdeen
408,6,pre_crastinate,Aberdeen
409,1,pre_crastinate,Aberdeen
409,2,pre_crastinate,Aberdeen
409,3,pre_crastinate,Aberdeen
409,4,pre_crastinate,Aberdeen
409,5,pre_crastinate,Aberdeen
409,6,pre_crastinate,Aberdeen
410,1,double_pre_cra,Aberdeen
410,2,double_pre_cra,Aberdeen
410,3,double_pre_cra,Aberdeen
410,4,double_pre_cra,Aberdeen
410,5,double_pre_cra,Aberdeen
410,6,double_pre_cra,Aberdeen
411,1,pre_crastinate,Aberdeen
411,2,sensible,Aberdeen
411,3,sensible,Aberdeen
411,4,sensible,Aberdeen
411,5,sensible,Aberdeen
411,6,sensible,Aberdeen
412,1,sensible,Aberdeen
412,2,sensible,Aberdeen
412,3,sensible,Aberdeen
412,4,sensible,Aberdeen
412,5,sensible,Aberdeen
412,6,sensible,Aberdeen
413,1,double_pre_cra,Aberdeen
413,2,double_pre_cra,Aberdeen
413,3,double_pre_cra,Aberdeen
413,4,double_pre_cra,Aberdeen
413,5,double_pre_cra,Aberdeen
413,6,double_pre_cra,Aberdeen
414,1,sensible,Aberdeen
414,2,sensible,Aberdeen
414,3,sensible,Aberdeen
414,4,sensible,Aberdeen
414,5,pre_crastinate,Aberdeen
414,6,pre_crastinate,Aberdeen
415,1,pre_crastinate,Aberdeen
415,2,pre_crastinate,Aberdeen
415,3,sensible,Aberdeen
415,4,sensible,Aberdeen
415,5,sensible,Aberdeen
415,6,sensible,Aberdeen
416,1,pre_crastinate,Aberdeen
416,2,pre_crastinate,Aberdeen
416,3,pre_crastinate,Aberdeen
416,4,pre_crastinate,Aberdeen
416,5,pre_crastinate,Aberdeen
416,6,pre_crastinate,Aberdeen
417,1,double_pre_cra,Aberdeen
417,2,double_pre_cra,Aberdeen
417,3,double_pre_cra,Aberdeen
417,4,double_pre_cra,Aberdeen
417,5,double_pre_cra,Aberdeen
417,6,double_pre_cra,Aberdeen
418,1,double_pre_cra,Aberdeen
418,2,double_pre_cra,Aberdeen
418,3,double_pre_cra,Aberdeen
418,4,double_pre_cra,Aberdeen
418,5,double_pre_cra,Aberdeen
418,6,double_pre_cra,Aberdeen
419,1,double_pre_cra,Aberdeen
419,2,double_pre_cra,Aberdeen
419,3,pre_crastinate,Aberdeen
419,4,pre_crastinate,Aberdeen
419,5,pre_crastinate,Aberdeen
419,6,pre_crastinate,Aberdeen
420,1,double_pre_cra,Aberdeen
420,2,sensible,Aberdeen
420,3,sensible,Aberdeen
420,4,sensible,Aberdeen
420,5,sensible,Aberdeen
420,6,sensible,Aberdeen
421,1,double_pre_cra,Aberdeen
421,2,double_pre_cra,Aberdeen
421,3,double_pre_cra,Aberdeen
421,4,double_pre_cra,Aberdeen
421,5,double_pre_cra,Aberdeen
421,6,double_pre_cra,Aberdeen
422,1,sensible,Aberdeen
422,2,sensible,Aberdeen
422,3,sensible,Aberdeen
422,4,sensible,Aberdeen
422,5,sensible,Aberdeen
422,6,sensible,Aberdeen
423,1,pre_crastinate,Aberdeen
423,2,pre_crastinate,Aberdeen
423,3,pre_crastinate,Aberdeen
423,4,pre_crastinate,Aberdeen
423,5,pre_crastinate,Aberdeen
423,6,pre_crastinate,Aberdeen
425,1,sensible,Aberdeen
425,2,sensible,Aberdeen
425,3,sensible,Aberdeen
425,4,sensible,Aberdeen
425,5,sensible,Aberdeen
425,6,sensible,Aberdeen
426,1,sensible,Aberdeen
426,2,sensible,Aberdeen
426,3,sensible,Aberdeen
426,4,sensible,Aberdeen
426,5,sensible,Aberdeen
426,6,sensible,Aberdeen
427,1,double_pre_cra,Aberdeen
427,2,double_pre_cra,Aberdeen
427,3,double_pre_cra,Aberdeen
427,4,double_pre_cra,Aberdeen
427,5,double_pre_cra,Aberdeen
427,6,double_pre_cra,Aberdeen
428,1,double_pre_cra,Aberdeen
428,2,double_pre_cra,Aberdeen
428,3,double_pre_cra,Aberdeen
428,4,double_pre_cra,Aberdeen
428,5,double_pre_cra,Aberdeen
428,6,double_pre_cra,Aberdeen
429,1,sensible,Aberdeen
429,2,sensible,Aberdeen
429,3,sensible,Aberdeen
429,4,sensible,Aberdeen
429,5,sensible,Aberdeen
429,6,sensible,Aberdeen
430,1,pre_crastinate,Aberdeen
430,2,pre_crastinate,Aberdeen
430,3,pre_crastinate,Aberdeen
430,4,pre_crastinate,Aberdeen
430,5,pre_crastinate,Aberdeen
430,6,pre_crastinate,Aberdeen
431,1,pre_crastinate,Aberdeen
431,2,pre_crastinate,Aberdeen
431,3,pre_crastinate,Aberdeen
431,4,pre_crastinate,Aberdeen
431,5,pre_crastinate,Aberdeen
431,6,pre_crastinate,Aberdeen
432,1,sensible,Aberdeen
432,2,sensible,Aberdeen
432,3,sensible,Aberdeen
432,4,sensible,Aberdeen
432,5,sensible,Aberdeen
432,6,sensible,Aberdeen
433,1,double_pre_cra,Aberdeen
433,2,double_pre_cra,Aberdeen
433,3,double_pre_cra,Aberdeen
433,4,double_pre_cra,Aberdeen
433,5,double_pre_cra,Aberdeen
433,6,double_pre_cra,Aberdeen
434,1,sensible,Aberdeen
434,2,sensible,Aberdeen
434,3,sensible,Aberdeen
434,4,sensible,Aberdeen
434,5,sensible,Aberdeen
434,6,sensible,Aberdeen
501,1,double_pre_cra,Aberdeen
501,2,double_pre_cra,Aberdeen
501,3,double_pre_cra,Aberdeen
501,4,double_pre_cra,Aberdeen
501,5,double_pre_cra,Aberdeen
501,6,double_pre_cra,Aberdeen
502,1,pre_crastinate,Aberdeen
502,2,sensible,Aberdeen
502,3,sensible,Aberdeen
502,4,sensible,Aberdeen
502,5,sensible,Aberdeen
502,6,sensible,Aberdeen
503,1,pre_crastinate,Aberdeen
503,2,pre_crastinate,Aberdeen
503,3,pre_crastinate,Aberdeen
503,4,sensible,Aberdeen
503,5,sensible,Aberdeen
503,6,sensible,Aberdeen
504,1,double_pre_cra,Aberdeen
504,2,double_pre_cra,Aberdeen
504,3,double_pre_cra,Aberdeen
504,4,double_pre_cra,Aberdeen
504,5,double_pre_cra,Aberdeen
504,6,double_pre_cra,Aberdeen
505,1,pre_crastinate,Aberdeen
505,2,sensible,Aberdeen
505,3,sensible,Aberdeen
505,4,sensible,Aberdeen
505,5,sensible,Aberdeen
505,6,sensible,Aberdeen
506,1,pre_crastinate,Aberdeen
506,2,pre_crastinate,Aberdeen
506,3,sensible,Aberdeen
506,4,sensible,Aberdeen
506,5,sensible,Aberdeen
506,6,sensible,Aberdeen
507,1,pre_crastinate,Aberdeen
507,2,sensible,Aberdeen
507,3,sensible,Aberdeen
507,4,pre_crastinate,Aberdeen
507,5,pre_crastinate,Aberdeen
507,6,pre_crastinate,Aberdeen
508,1,double_pre_cra,Aberdeen
508,2,double_pre_cra,Aberdeen
508,3,double_pre_cra,Aberdeen
508,4,double_pre_cra,Aberdeen
508,5,double_pre_cra,Aberdeen
508,6,double_pre_cra,Aberdeen
509,1,sensible,Aberdeen
509,2,sensible,Aberdeen
509,3,sensible,Aberdeen
509,4,sensible,Aberdeen
509,5,sensible,Aberdeen
509,6,sensible,Aberdeen
510,1,double_pre_cra,Aberdeen
510,2,double_pre_cra,Aberdeen
510,3,sensible,Aberdeen
510,4,sensible,Aberdeen
510,5,sensible,Aberdeen
510,6,sensible,Aberdeen
511,1,double_pre_cra,Aberdeen
511,2,sensible,Aberdeen
511,3,sensible,Aberdeen
511,4,sensible,Aberdeen
511,5,sensible,Aberdeen
511,6,sensible,Aberdeen
512,1,double_pre_cra,Aberdeen
512,2,double_pre_cra,Aberdeen
512,3,double_pre_cra,Aberdeen
512,4,double_pre_cra,Aberdeen
512,5,double_pre_cra,Aberdeen
512,6,double_pre_cra,Aberdeen
513,1,sensible,Aberdeen
513,2,sensible,Aberdeen
513,3,sensible,Aberdeen
513,4,sensible,Aberdeen
513,5,sensible,Aberdeen
513,6,sensible,Aberdeen
514,1,pre_crastinate,Aberdeen
514,2,sensible,Aberdeen
514,3,sensible,Aberdeen
514,4,sensible,Aberdeen
514,5,sensible,Aberdeen
514,6,sensible,Aberdeen
515,1,sensible,Aberdeen
515,2,sensible,Aberdeen
515,3,sensible,Aberdeen
515,4,pre_crastinate,Aberdeen
515,5,sensible,Aberdeen
515,6,sensible,Aberdeen
517,1,pre_crastinate,Aberdeen
517,2,pre_crastinate,Aberdeen
517,3,pre_crastinate,Aberdeen
517,4,pre_crastinate,Aberdeen
517,5,pre_crastinate,Aberdeen
517,6,pre_crastinate,Aberdeen
601,1,sensible,Aberdeen
601,2,sensible,Aberdeen
601,3,sensible,Aberdeen
601,4,sensible,Aberdeen
601,5,sensible,Aberdeen
601,6,sensible,Aberdeen
602,1,double_pre_cra,Aberdeen
602,2,double_pre_cra,Aberdeen
602,3,double_pre_cra,Aberdeen
602,4,double_pre_cra,Aberdeen
602,5,double_pre_cra,Aberdeen
602,6,double_pre_cra,Aberdeen
603,1,sensible,Aberdeen
603,2,sensible,Aberdeen
603,3,sensible,Aberdeen
603,4,sensible,Aberdeen
603,5,sensible,Aberdeen
603,6,sensible,Aberdeen
604,1,double_pre_cra,Aberdeen
604,2,double_pre_cra,Aberdeen
604,3,double_pre_cra,Aberdeen
604,4,double_pre_cra,Aberdeen
604,5,double_pre_cra,Aberdeen
604,6,double_pre_cra,Aberdeen
605,1,double_pre_cra,Aberdeen
605,2,double_pre_cra,Aberdeen
605,3,double_pre_cra,Aberdeen
605,4,double_pre_cra,Aberdeen
605,5,double_pre_cra,Aberdeen
605,6,double_pre_cra,Aberdeen
606,1,double_pre_cra,Aberdeen
606,2,double_pre_cra,Aberdeen
606,3,double_pre_cra,Aberdeen
606,4,double_pre_cra,Aberdeen
606,5,double_pre_cra,Aberdeen
606,6,double_pre_cra,Aberdeen
607,1,double_pre_cra,Aberdeen
607,2,double_pre_cra,Aberdeen
607,3,double_pre_cra,Aberdeen
607,4,double_pre_cra,Aberdeen
607,5,double_pre_cra,Aberdeen
607,6,double_pre_cra,Aberdeen
608,1,sensible,Aberdeen
608,2,sensible,Aberdeen
608,3,sensible,Aberdeen
608,4,sensible,Aberdeen
608,5,pre_crastinate,Aberdeen
608,6,sensible,Aberdeen
609,1,double_pre_cra,Aberdeen
609,2,double_pre_cra,Aberdeen
609,3,pre_crastinate,Aberdeen
609,4,double_pre_cra,Aberdeen
609,5,pre_crastinate,Aberdeen
609,6,pre_crastinate,Aberdeen
610,1,pre_crastinate,Aberdeen
610,2,pre_crastinate,Aberdeen
610,3,pre_crastinate,Aberdeen
610,4,pre_crastinate,Aberdeen
610,5,pre_crastinate,Aberdeen
610,6,pre_crastinate,Aberdeen
611,1,pre_crastinate,Aberdeen
611,2,pre_crastinate,Aberdeen
611,3,pre_crastinate,Aberdeen
611,4,pre_crastinate,Aberdeen
611,5,pre_crastinate,Aberdeen
611,6,pre_crastinate,Aberdeen
612,1,pre_crastinate,Aberdeen
612,2,sensible,Aberdeen
612,3,sensible,Aberdeen
612,4,sensible,Aberdeen
612,5,sensible,Aberdeen
612,6,sensible,Aberdeen
613,1,pre_crastinate,Aberdeen
613,2,pre_crastinate,Aberdeen
613,3,pre_crastinate,Aberdeen
613,4,pre_crastinate,Aberdeen
613,5,pre_crastinate,Aberdeen
613,6,pre_crastinate,Aberdeen
614,1,pre_crastinate,Aberdeen
614,2,pre_crastinate,Aberdeen
614,3,pre_crastinate,Aberdeen
614,4,pre_crastinate,Aberdeen
614,5,pre_crastinate,Aberdeen
614,6,pre_crastinate,Aberdeen
615,1,double_pre_cra,Aberdeen
615,2,double_pre_cra,Aberdeen
615,3,double_pre_cra,Aberdeen
615,4,double_pre_cra,Aberdeen
615,5,double_pre_cra,Aberdeen
615,6,double_pre_cra,Aberdeen
616,1,double_pre_cra,Aberdeen
616,2,pre_crastinate,Aberdeen
616,3,sensible,Aberdeen
616,4,sensible,Aberdeen
616,5,sensible,Aberdeen
616,6,sensible,Aberdeen
617,1,pre_crastinate,Aberdeen
617,2,pre_crastinate,Aberdeen
617,3,pre_crastinate,Aberdeen
617,4,pre_crastinate,Aberdeen
617,5,pre_crastinate,Aberdeen
617,6,pre_crastinate,Aberdeen
618,1,double_pre_cra,Aberdeen
618,2,double_pre_cra,Aberdeen
618,3,double_pre_cra,Aberdeen
618,4,double_pre_cra,Aberdeen
618,5,double_pre_cra,Aberdeen
618,6,double_pre_cra,Aberdeen
619,1,sensible,Aberdeen
619,2,sensible,Aberdeen
619,3,sensible,Aberdeen
619,4,sensible,Aberdeen
619,5,sensible,Aberdeen
619,6,sensible,Aberdeen
620,1,pre_crastinate,Aberdeen
620,2,pre_crastinate,Aberdeen
620,3,sensible,Aberdeen
620,4,sensible,Aberdeen
620,5,sensible,Aberdeen
620,6,sensible,Aberdeen
621,1,pre_crastinate,Aberdeen
621,2,pre_crastinate,Aberdeen
621,3,pre_crastinate,Aberdeen
621,4,pre_crastinate,Aberdeen
621,5,pre_crastinate,Aberdeen
621,6,pre_crastinate,Aberdeen
622,1,sensible,Aberdeen
622,2,sensible,Aberdeen
622,3,sensible,Aberdeen
622,4,sensible,Aberdeen
622,5,sensible,Aberdeen
622,6,sensible,Aberdeen
623,1,pre_crastinate,Aberdeen
623,2,pre_crastinate,Aberdeen
623,3,pre_crastinate,Aberdeen
623,4,sensible,Aberdeen
623,5,sensible,Aberdeen
623,6,sensible,Aberdeen
624,1,double_pre_cra,Aberdeen
624,2,pre_crastinate,Aberdeen
624,3,sensible,Aberdeen
624,4,pre_crastinate,Aberdeen
624,5,pre_crastinate,Aberdeen
624,6,pre_crastinate,Aberdeen
625,1,double_pre_cra,Aberdeen
625,2,double_pre_cra,Aberdeen
625,3,pre_crastinate,Aberdeen
625,4,pre_crastinate,Aberdeen
625,5,pre_crastinate,Aberdeen
625,6,pre_crastinate,Aberdeen
626,1,sensible,Aberdeen
626,2,sensible,Aberdeen
626,3,sensible,Aberdeen
626,4,sensible,Aberdeen
626,5,sensible,Aberdeen
626,6,sensible,Aberdeen
627,1,double_pre_cra,Aberdeen
627,2,double_pre_cra,Aberdeen
627,3,double_pre_cra,Aberdeen
627,4,double_pre_cra,Aberdeen
627,5,double_pre_cra,Aberdeen
627,6,double_pre_cra,Aberdeen
628,1,pre_crastinate,Aberdeen
628,2,pre_crastinate,Aberdeen
628,3,pre_crastinate,Aberdeen
628,4,pre_crastinate,Aberdeen
628,5,pre_crastinate,Aberdeen
628,6,pre_crastinate,Aberdeen
629,1,double_pre_cra,Aberdeen
629,2,double_pre_cra,Aberdeen
629,3,double_pre_cra,Aberdeen
629,4,double_pre_cra,Aberdeen
629,5,double_pre_cra,Aberdeen
629,6,double_pre_cra,Aberdeen
630,1,sensible,Aberdeen
630,2,sensible,Aberdeen
630,3,pre_crastinate,Aberdeen
630,4,sensible,Aberdeen
630,5,sensible,Aberdeen
630,6,sensible,Aberdeen
631,1,sensible,Aberdeen
631,2,sensible,Aberdeen
631,3,sensible,Aberdeen
631,4,sensible,Aberdeen
631,5,sensible,Aberdeen
631,6,sensible,Aberdeen
632,1,sensible,Aberdeen
632,2,sensible,Aberdeen
632,3,sensible,Aberdeen
632,4,sensible,Aberdeen
632,5,sensible,Aberdeen
632,6,sensible,Aberdeen
633,1,double_pre_cra,Aberdeen
633,2,double_pre_cra,Aberdeen
633,3,double_pre_cra,Aberdeen
633,4,double_pre_cra,Aberdeen
633,5,double_pre_cra,Aberdeen
633,6,double_pre_cra,Aberdeen
634,1,double_pre_cra,Aberdeen
634,2,pre_crastinate,Aberdeen
634,3,pre_crastinate,Aberdeen
634,4,pre_crastinate,Aberdeen
634,5,sensible,Aberdeen
634,6,double_pre_cra,Aberdeen
635,1,double_pre_cra,Aberdeen
635,2,double_pre_cra,Aberdeen
635,3,double_pre_cra,Aberdeen
635,4,sensible,Aberdeen
635,5,sensible,Aberdeen
635,6,sensible,Aberdeen
636,1,sensible,Aberdeen
636,2,sensible,Aberdeen
636,3,sensible,Aberdeen
636,4,sensible,Aberdeen
636,5,sensible,Aberdeen
636,6,sensible,Aberdeen
637,1,double_pre_cra,Aberdeen
637,2,double_pre_cra,Aberdeen
637,3,double_pre_cra,Aberdeen
637,4,double_pre_cra,Aberdeen
637,5,double_pre_cra,Aberdeen
637,6,double_pre_cra,Aberdeen
638,1,pre_crastinate,Aberdeen
638,2,pre_crastinate,Aberdeen
638,3,pre_crastinate,Aberdeen
638,4,pre_crastinate,Aberdeen
638,5,pre_crastinate,Aberdeen
638,6,pre_crastinate,Aberdeen
639,1,sensible,Aberdeen
639,2,sensible,Aberdeen
639,3,sensible,Aberdeen
639,4,sensible,Aberdeen
639,5,sensible,Aberdeen
639,6,sensible,Aberdeen
640,1,sensible,Aberdeen
640,2,sensible,Aberdeen
640,3,pre_crastinate,Aberdeen
640,4,pre_crastinate,Aberdeen
640,5,pre_crastinate,Aberdeen
640,6,pre_crastinate,Aberdeen
641,1,sensible,Aberdeen
641,2,sensible,Aberdeen
641,3,sensible,Aberdeen
641,4,sensible,Aberdeen
641,5,sensible,Aberdeen
641,6,sensible,Aberdeen
642,1,double_pre_cra,Aberdeen
642,2,double_pre_cra,Aberdeen
642,3,double_pre_cra,Aberdeen
642,4,double_pre_cra,Aberdeen
642,5,double_pre_cra,Aberdeen
642,6,double_pre_cra,Aberdeen
643,1,double_pre_cra,Aberdeen
643,2,double_pre_cra,Aberdeen
643,3,double_pre_cra,Aberdeen
643,4,double_pre_cra,Aberdeen
643,5,double_pre_cra,Aberdeen
643,6,double_pre_cra,Aberdeen
644,1,sensible,Aberdeen
644,2,pre_crastinate,Aberdeen
644,3,sensible,Aberdeen
644,4,pre_crastinate,Aberdeen
644,5,sensible,Aberdeen
644,6,sensible,Aberdeen
645,1,double_pre_cra,Aberdeen
645,2,double_pre_cra,Aberdeen
645,3,double_pre_cra,Aberdeen
645,4,double_pre_cra,Aberdeen
645,5,double_pre_cra,Aberdeen
645,6,double_pre_cra,Aberdeen
700,1,double_pre_cra,Essex
700,2,double_pre_cra,Essex
700,3,double_pre_cra,Essex
700,4,double_pre_cra,Essex
700,5,double_pre_cra,Essex
700,6,double_pre_cra,Essex
701,1,pre_crastinate,Essex
701,2,pre_crastinate,Essex
701,3,pre_crastinate,Essex
701,4,pre_crastinate,Essex
701,5,pre_crastinate,Essex
701,6,pre_crastinate,Essex
702,1,sensible,Essex
702,2,sensible,Essex
702,3,sensible,Essex
702,4,sensible,Essex
702,5,sensible,Essex
702,6,sensible,Essex
703,1,pre_crastinate,Essex
703,2,pre_crastinate,Essex
703,3,pre_crastinate,Essex
703,4,pre_crastinate,Essex
703,5,sensible,Essex
703,6,sensible,Essex
704,1,double_pre_cra,Essex
704,2,sensible,Essex
704,3,pre_crastinate,Essex
704,4,pre_crastinate,Essex
704,5,sensible,Essex
704,6,sensible,Essex
705,1,pre_crastinate,Essex
705,2,pre_crastinate,Essex
705,3,pre_crastinate,Essex
705,4,pre_crastinate,Essex
705,5,pre_crastinate,Essex
705,6,pre_crastinate,Essex
706,1,double_pre_cra,Essex
706,2,double_pre_cra,Essex
706,3,double_pre_cra,Essex
706,4,double_pre_cra,Essex
706,5,double_pre_cra,Essex
706,6,double_pre_cra,Essex
707,1,pre_crastinate,Essex
707,2,pre_crastinate,Essex
707,3,pre_crastinate,Essex
707,4,pre_crastinate,Essex
707,5,pre_crastinate,Essex
707,6,pre_crastinate,Essex
708,1,sensible,Essex
708,2,sensible,Essex
708,3,sensible,Essex
708,4,sensible,Essex
708,5,sensible,Essex
708,6,sensible,Essex
709,1,sensible,Essex
709,2,sensible,Essex
709,3,sensible,Essex
709,4,sensible,Essex
709,5,sensible,Essex
709,6,sensible,Essex
710,1,pre_crastinate,Essex
710,2,pre_crastinate,Essex
710,3,pre_crastinate,Essex
710,4,pre_crastinate,Essex
710,5,pre_crastinate,Essex
710,6,pre_crastinate,Essex
711,1,sensible,Essex
711,2,sensible,Essex
711,3,pre_crastinate,Essex
711,4,sensible,Essex
711,5,sensible,Essex
711,6,sensible,Essex
712,1,double_pre_cra,Essex
712,2,double_pre_cra,Essex
712,3,double_pre_cra,Essex
712,4,double_pre_cra,Essex
712,5,double_pre_cra,Essex
712,6,double_pre_cra,Essex
713,1,double_pre_cra,Essex
713,2,pre_crastinate,Essex
713,3,pre_crastinate,Essex
713,4,double_pre_cra,Essex
713,5,double_pre_cra,Essex
713,6,double_pre_cra,Essex
714,1,pre_crastinate,Essex
714,2,double_pre_cra,Essex
714,3,double_pre_cra,Essex
714,4,double_pre_cra,Essex
714,5,double_pre_cra,Essex
714,6,double_pre_cra,Essex
715,1,double_pre_cra,Essex
715,2,sensible,Essex
715,3,sensible,Essex
715,4,sensible,Essex
715,5,sensible,Essex
715,6,sensible,Essex
716,1,pre_crastinate,Essex
716,2,pre_crastinate,Essex
716,3,sensible,Essex
716,4,sensible,Essex
716,5,pre_crastinate,Essex
716,6,pre_crastinate,Essex
717,1,sensible,Essex
717,2,sensible,Essex
717,3,sensible,Essex
717,4,sensible,Essex
717,5,sensible,Essex
717,6,sensible,Essex
718,1,double_pre_cra,Essex
718,2,double_pre_cra,Essex
718,3,double_pre_cra,Essex
718,4,double_pre_cra,Essex
718,5,double_pre_cra,Essex
718,6,double_pre_cra,Essex
719,1,pre_crastinate,Essex
719,2,pre_crastinate,Essex
719,3,pre_crastinate,Essex
719,4,pre_crastinate,Essex
719,5,pre_crastinate,Essex
719,6,pre_crastinate,Essex
720,1,pre_crastinate,Essex
720,2,pre_crastinate,Essex
720,3,pre_crastinate,Essex
720,4,pre_crastinate,Essex
720,5,pre_crastinate,Essex
720,6,pre_crastinate,Essex
721,1,double_pre_cra,Essex
721,2,double_pre_cra,Essex
721,3,double_pre_cra,Essex
721,4,double_pre_cra,Essex
721,5,double_pre_cra,Essex
721,6,double_pre_cra,Essex
722,1,pre_crastinate,Essex
722,2,pre_crastinate,Essex
722,3,pre_crastinate,Essex
722,4,pre_crastinate,Essex
722,5,pre_crastinate,Essex
722,6,pre_crastinate,Essex
723,1,pre_crastinate,Essex
723,2,pre_crastinate,Essex
723,3,sensible,Essex
723,4,sensible,Essex
723,5,sensible,Essex
723,6,sensible,Essex
724,1,double_pre_cra,Essex
724,2,double_pre_cra,Essex
724,3,pre_crastinate,Essex
724,4,pre_crastinate,Essex
724,5,pre_crastinate,Essex
724,6,pre_crastinate,Essex
725,1,pre_crastinate,Essex
725,2,pre_crastinate,Essex
725,3,pre_crastinate,Essex
725,4,sensible,Essex
725,5,sensible,Essex
725,6,sensible,Essex
726,1,sensible,Essex
726,2,sensible,Essex
726,3,sensible,Essex
726,4,sensible,Essex
726,5,sensible,Essex
726,6,sensible,Essex
727,1,double_pre_cra,Essex
727,2,double_pre_cra,Essex
727,3,double_pre_cra,Essex
727,4,double_pre_cra,Essex
727,5,double_pre_cra,Essex
727,6,double_pre_cra,Essex
728,1,sensible,Essex
728,2,sensible,Essex
728,3,sensible,Essex
728,4,sensible,Essex
728,5,sensible,Essex
728,6,sensible,Essex
729,1,pre_crastinate,Essex
729,2,pre_crastinate,Essex
729,3,pre_crastinate,Essex
729,4,pre_crastinate,Essex
729,5,pre_crastinate,Essex
729,6,pre_crastinate,Essex
730,1,pre_crastinate,Essex
730,2,pre_crastinate,Essex
730,3,pre_crastinate,Essex
730,4,pre_crastinate,Essex
730,5,pre_crastinate,Essex
730,6,pre_crastinate,Essex
731,1,pre_crastinate,Essex
731,2,sensible,Essex
731,3,sensible,Essex
731,4,sensible,Essex
731,5,sensible,Essex
731,6,sensible,Essex
732,1,pre_crastinate,Essex
732,2,pre_crastinate,Essex
732,3,pre_crastinate,Essex
732,4,pre_crastinate,Essex
732,5,pre_crastinate,Essex
732,6,pre_crastinate,Essex
733,1,pre_crastinate,Essex
733,2,pre_crastinate,Essex
733,3,pre_crastinate,Essex
733,4,pre_crastinate,Essex
733,5,pre_crastinate,Essex
733,6,pre_crastinate,Essex
734,1,pre_crastinate,Essex
734,2,pre_crastinate,Essex
734,3,pre_crastinate,Essex
734,4,pre_crastinate,Essex
734,5,pre_crastinate,Essex
734,6,pre_crastinate,Essex
735,1,double_pre_cra,Essex
735,2,double_pre_cra,Essex
735,3,double_pre_cra,Essex
735,4,double_pre_cra,Essex
735,5,double_pre_cra,Essex
735,6,double_pre_cra,Essex
736,1,pre_crastinate,Essex
736,2,pre_crastinate,Essex
736,3,pre_crastinate,Essex
736,4,pre_crastinate,Essex
736,5,pre_crastinate,Essex
736,6,pre_crastinate,Essex
737,1,double_pre_cra,Essex
737,2,double_pre_cra,Essex
737,3,double_pre_cra,Essex
737,4,double_pre_cra,Essex
737,5,double_pre_cra,Essex
737,6,double_pre_cra,Essex
738,1,sensible,Essex
738,2,pre_crastinate,Essex
738,3,pre_crastinate,Essex
738,4,pre_crastinate,Essex
738,5,pre_crastinate,Essex
738,6,pre_crastinate,Essex
739,1,pre_crastinate,Essex
739,2,pre_crastinate,Essex
739,3,pre_crastinate,Essex
739,4,pre_crastinate,Essex
739,5,pre_crastinate,Essex
739,6,pre_crastinate,Essex
740,1,pre_crastinate,Essex
740,2,pre_crastinate,Essex
740,3,pre_crastinate,Essex
740,4,pre_crastinate,Essex
740,5,pre_crastinate,Essex
740,6,pre_crastinate,Essex
741,1,pre_crastinate,Essex
741,2,pre_crastinate,Essex
741,3,pre_crastinate,Essex
741,4,pre_crastinate,Essex
741,5,pre_crastinate,Essex
741,6,pre_crastinate,Essex
742,1,pre_crastinate,Essex
742,2,pre_crastinate,Essex
742,3,pre_crastinate,Essex
742,4,pre_crastinate,Essex
742,5,pre_crastinate,Essex
742,6,pre_crastinate,Essex
743,1,pre_crastinate,Essex
743,2,pre_crastinate,Essex
743,3,pre_crastinate,Essex
743,4,pre_crastinate,Essex
743,5,pre_crastinate,Essex
743,6,pre_crastinate,Essex
744,1,pre_crastinate,Essex
744,2,pre_crastinate,Essex
744,3,pre_crastinate,Essex
744,4,pre_crastinate,Essex
744,5,pre_crastinate,Essex
744,6,pre_crastinate,Essex
745,1,pre_crastinate,Essex
745,2,pre_crastinate,Essex
745,3,pre_crastinate,Essex
745,4,pre_crastinate,Essex
745,5,pre_crastinate,Essex
745,6,pre_crastinate,Essex
746,1,pre_crastinate,Essex
746,2,pre_crastinate,Essex
746,3,pre_crastinate,Essex
746,4,pre_crastinate,Essex
746,5,pre_crastinate,Essex
746,6,pre_crastinate,Essex
747,1,pre_crastinate,Essex
747,2,pre_crastinate,Essex
747,3,pre_crastinate,Essex
747,4,pre_crastinate,Essex
747,5,pre_crastinate,Essex
747,6,pre_crastinate,Essex
748,1,sensible,Essex
748,2,pre_crastinate,Essex
748,3,sensible,Essex
748,4,sensible,Essex
748,5,sensible,Essex
748,6,sensible,Essex
749,1,sensible,Essex
749,2,sensible,Essex
749,3,sensible,Essex
749,4,sensible,Essex
749,5,sensible,Essex
749,6,sensible,Essex
750,1,pre_crastinate,Essex
750,2,pre_crastinate,Essex
750,3,pre_crastinate,Essex
750,4,pre_crastinate,Essex
750,5,pre_crastinate,Essex
750,6,pre_crastinate,Essex
751,1,sensible,Essex
751,2,sensible,Essex
751,3,sensible,Essex
751,4,sensible,Essex
751,5,sensible,Essex
751,6,sensible,Essex
752,1,double_pre_cra,Essex
752,2,sensible,Essex
752,3,pre_crastinate,Essex
752,4,sensible,Essex
752,5,sensible,Essex
752,6,sensible,Essex
753,1,pre_crastinate,Essex
753,2,pre_crastinate,Essex
753,3,pre_crastinate,Essex
753,4,pre_crastinate,Essex
753,5,pre_crastinate,Essex
753,6,pre_crastinate,Essex
754,1,pre_crastinate,Essex
754,2,pre_crastinate,Essex
754,3,pre_crastinate,Essex
754,4,pre_crastinate,Essex
754,5,pre_crastinate,Essex
754,6,pre_crastinate,Essex
755,1,sensible,Essex
755,2,sensible,Essex
755,3,sensible,Essex
755,4,sensible,Essex
755,5,sensible,Essex
755,6,sensible,Essex
756,1,pre_crastinate,Essex
756,2,pre_crastinate,Essex
756,3,pre_crastinate,Essex
756,4,pre_crastinate,Essex
756,5,pre_crastinate,Essex
756,6,pre_crastinate,Essex
757,1,pre_crastinate,Essex
757,2,pre_crastinate,Essex
757,3,pre_crastinate,Essex
757,4,pre_crastinate,Essex
757,5,pre_crastinate,Essex
757,6,pre_crastinate,Essex
758,1,double_pre_cra,Essex
758,2,pre_crastinate,Essex
758,3,pre_crastinate,Essex
758,4,pre_crastinate,Essex
758,5,pre_crastinate,Essex
758,6,pre_crastinate,Essex
759,1,pre_crastinate,Essex
759,2,pre_crastinate,Essex
759,3,pre_crastinate,Essex
759,4,pre_crastinate,Essex
759,5,pre_crastinate,Essex
759,6,pre_crastinate,Essex
760,1,pre_crastinate,Essex
760,2,pre_crastinate,Essex
760,3,pre_crastinate,Essex
760,4,pre_crastinate,Essex
760,5,pre_crastinate,Essex
760,6,pre_crastinate,Essex
761,1,pre_crastinate,Essex
761,2,pre_crastinate,Essex
761,3,pre_crastinate,Essex
761,4,pre_crastinate,Essex
761,5,pre_crastinate,Essex
761,6,pre_crastinate,Essex
762,1,sensible,Essex
762,2,sensible,Essex
762,3,sensible,Essex
762,4,sensible,Essex
762,5,sensible,Essex
762,6,sensible,Essex
763,1,pre_crastinate,Essex
763,2,pre_crastinate,Essex
763,3,pre_crastinate,Essex
763,4,pre_crastinate,Essex
763,5,pre_crastinate,Essex
763,6,pre_crastinate,Essex
764,1,double_pre_cra,Essex
764,2,double_pre_cra,Essex
764,3,double_pre_cra,Essex
764,4,double_pre_cra,Essex
764,5,double_pre_cra,Essex
764,6,double_pre_cra,Essex
765,1,sensible,Essex
765,2,sensible,Essex
765,3,sensible,Essex
765,4,double_pre_cra,Essex
765,5,sensible,Essex
765,6,sensible,Essex
766,1,pre_crastinate,Essex
766,2,pre_crastinate,Essex
766,3,pre_crastinate,Essex
766,4,pre_crastinate,Essex
766,5,pre_crastinate,Essex
766,6,pre_crastinate,Essex
767,1,pre_crastinate,Essex
767,2,pre_crastinate,Essex
767,3,pre_crastinate,Essex
767,4,pre_crastinate,Essex
767,5,pre_crastinate,Essex
767,6,pre_crastinate,Essex
768,1,double_pre_cra,Essex
768,2,double_pre_cra,Essex
768,3,pre_crastinate,Essex
768,4,double_pre_cra,Essex
768,5,pre_crastinate,Essex
768,6,pre_crastinate,Essex
769,1,pre_crastinate,Essex
769,2,pre_crastinate,Essex
769,3,pre_crastinate,Essex
769,4,pre_crastinate,Essex
769,5,pre_crastinate,Essex
769,6,pre_crastinate,Essex
770,1,sensible,Essex
770,2,sensible,Essex
770,3,sensible,Essex
770,4,sensible,Essex
770,5,sensible,Essex
770,6,sensible,Essex
771,1,pre_crastinate,Essex
771,2,sensible,Essex
771,3,sensible,Essex
771,4,sensible,Essex
771,5,sensible,Essex
771,6,sensible,Essex
772,1,sensible,Essex
772,2,sensible,Essex
772,3,sensible,Essex
772,4,sensible,Essex
772,5,sensible,Essex
772,6,sensible,Essex
773,1,pre_crastinate,Essex
773,2,pre_crastinate,Essex
773,3,pre_crastinate,Essex
773,4,pre_crastinate,Essex
773,5,pre_crastinate,Essex
773,6,pre_crastinate,Essex
774,1,pre_crastinate,Essex
774,2,pre_crastinate,Essex
774,3,pre_crastinate,Essex
774,4,pre_crastinate,Essex
774,5,pre_crastinate,Essex
774,6,pre_crastinate,Essex
775,1,pre_crastinate,Essex
775,2,pre_crastinate,Essex
775,3,pre_crastinate,Essex
775,4,sensible,Essex
775,5,sensible,Essex
775,6,sensible,Essex
776,1,double_pre_cra,Essex
776,2,double_pre_cra,Essex
776,3,double_pre_cra,Essex
776,4,double_pre_cra,Essex
776,5,double_pre_cra,Essex
776,6,double_pre_cra,Essex
777,1,double_pre_cra,Essex
777,2,double_pre_cra,Essex
777,3,double_pre_cra,Essex
777,4,pre_crastinate,Essex
777,5,pre_crastinate,Essex
777,6,pre_crastinate,Essex
778,1,double_pre_cra,Essex
778,2,double_pre_cra,Essex
778,3,double_pre_cra,Essex
778,4,double_pre_cra,Essex
778,5,double_pre_cra,Essex
778,6,double_pre_cra,Essex
779,1,pre_crastinate,Essex
779,2,sensible,Essex
779,3,sensible,Essex
779,4,sensible,Essex
779,5,sensible,Essex
779,6,sensible,Essex
780,1,pre_crastinate,Essex
780,2,pre_crastinate,Essex
780,3,pre_crastinate,Essex
780,4,pre_crastinate,Essex
780,5,pre_crastinate,Essex
780,6,pre_crastinate,Essex
781,1,double_pre_cra,Essex
781,2,double_pre_cra,Essex
781,3,double_pre_cra,Essex
781,4,double_pre_cra,Essex
781,5,double_pre_cra,Essex
781,6,double_pre_cra,Essex
782,1,pre_crastinate,Essex
782,2,pre_crastinate,Essex
782,3,pre_crastinate,Essex
782,4,pre_crastinate,Essex
782,5,pre_crastinate,Essex
782,6,pre_crastinate,Essex
783,1,sensible,Essex
783,2,sensible,Essex
783,3,sensible,Essex
783,4,sensible,Essex
783,5,sensible,Essex
783,6,sensible,Essex
784,1,sensible,Essex
784,2,sensible,Essex
784,3,sensible,Essex
784,4,double_pre_cra,Essex
784,5,sensible,Essex
784,6,sensible,Essex
785,1,sensible,Essex
785,2,sensible,Essex
785,3,pre_crastinate,Essex
785,4,pre_crastinate,Essex
785,5,sensible,Essex
785,6,sensible,Essex
786,1,pre_crastinate,Essex
786,2,pre_crastinate,Essex
786,3,pre_crastinate,Essex
786,4,pre_crastinate,Essex
786,5,pre_crastinate,Essex
786,6,pre_crastinate,Essex
787,1,pre_crastinate,Essex
787,2,pre_crastinate,Essex
787,3,sensible,Essex
787,4,pre_crastinate,Essex
787,5,pre_crastinate,Essex
787,6,sensible,Essex
788,1,pre_crastinate,Essex
788,2,pre_crastinate,Essex
788,3,pre_crastinate,Essex
788,4,pre_crastinate,Essex
788,5,pre_crastinate,Essex
788,6,pre_crastinate,Essex
789,1,pre_crastinate,Essex
789,2,pre_crastinate,Essex
789,3,pre_crastinate,Essex
789,4,pre_crastinate,Essex
789,5,pre_crastinate,Essex
789,6,pre_crastinate,Essex
790,1,double_pre_cra,Essex
790,2,double_pre_cra,Essex
790,3,double_pre_cra,Essex
790,4,double_pre_cra,Essex
790,5,double_pre_cra,Essex
790,6,double_pre_cra,Essex
791,1,sensible,Essex
791,2,sensible,Essex
791,3,sensible,Essex
791,4,sensible,Essex
791,5,sensible,Essex
791,6,sensible,Essex
792,1,pre_crastinate,Essex
792,2,pre_crastinate,Essex
792,3,pre_crastinate,Essex
792,4,pre_crastinate,Essex
792,5,pre_crastinate,Essex
792,6,pre_crastinate,Essex
793,1,pre_crastinate,Essex
793,2,pre_crastinate,Essex
793,3,pre_crastinate,Essex
793,4,pre_crastinate,Essex
793,5,pre_crastinate,Essex
793,6,pre_crastinate,Essex
794,1,sensible,Essex
794,2,sensible,Essex
794,3,sensible,Essex
794,4,double_pre_cra,Essex
794,5,sensible,Essex
794,6,double_pre_cra,Essex
795,1,pre_crastinate,Essex
795,2,sensible,Essex
795,3,sensible,Essex
795,4,sensible,Essex
795,5,sensible,Essex
795,6,sensible,Essex
796,1,pre_crastinate,Essex
796,2,pre_crastinate,Essex
796,3,pre_crastinate,Essex
796,4,pre_crastinate,Essex
796,5,pre_crastinate,Essex
796,6,pre_crastinate,Essex
797,1,pre_crastinate,Essex
797,2,pre_crastinate,Essex
797,3,pre_crastinate,Essex
797,4,pre_crastinate,Essex
797,5,pre_crastinate,Essex
797,6,pre_crastinate,Essex
798,1,pre_crastinate,Essex
798,2,pre_crastinate,Essex
798,3,pre_crastinate,Essex
798,4,pre_crastinate,Essex
798,5,pre_crastinate,Essex
798,6,pre_crastinate,Essex
799,1,pre_crastinate,Essex
799,2,pre_crastinate,Essex
799,3,pre_crastinate,Essex
799,4,pre_crastinate,Essex
799,5,pre_crastinate,Essex
799,6,pre_crastinate,Essex
800,1,double_pre_cra,Essex
800,2,sensible,Essex
800,3,sensible,Essex
800,4,sensible,Essex
800,5,sensible,Essex
800,6,sensible,Essex
801,1,pre_crastinate,Essex
801,2,pre_crastinate,Essex
801,3,pre_crastinate,Essex
801,4,pre_crastinate,Essex
801,5,pre_crastinate,Essex
801,6,pre_crastinate,Essex
802,1,pre_crastinate,Essex
802,2,pre_crastinate,Essex
802,3,pre_crastinate,Essex
802,4,pre_crastinate,Essex
802,5,pre_crastinate,Essex
802,6,pre_crastinate,Essex
803,1,pre_crastinate,Essex
803,2,pre_crastinate,Essex
803,3,pre_crastinate,Essex
803,4,pre_crastinate,Essex
803,5,pre_crastinate,Essex
803,6,pre_crastinate,Essex
804,1,sensible,Essex
804,2,sensible,Essex
804,3,sensible,Essex
804,4,sensible,Essex
804,5,sensible,Essex
804,6,sensible,Essex
805,1,pre_crastinate,Essex
805,2,pre_crastinate,Essex
805,3,pre_crastinate,Essex
805,4,pre_crastinate,Essex
805,5,pre_crastinate,Essex
805,6,pre_crastinate,Essex
806,1,pre_crastinate,Essex
806,2,pre_crastinate,Essex
806,3,pre_crastinate,Essex
806,4,pre_crastinate,Essex
806,5,pre_crastinate,Essex
806,6,pre_crastinate,Essex
807,1,pre_crastinate,Essex
807,2,pre_crastinate,Essex
807,3,pre_crastinate,Essex
807,4,pre_crastinate,Essex
807,5,pre_crastinate,Essex
807,6,pre_crastinate,Essex
808,1,pre_crastinate,Essex
808,2,pre_crastinate,Essex
808,3,pre_crastinate,Essex
808,4,pre_crastinate,Essex
808,5,pre_crastinate,Essex
808,6,pre_crastinate,Essex
809,1,pre_crastinate,Essex
809,2,pre_crastinate,Essex
809,3,pre_crastinate,Essex
809,4,pre_crastinate,Essex
809,5,pre_crastinate,Essex
809,6,pre_crastinate,Essex
810,1,pre_crastinate,Essex
810,2,pre_crastinate,Essex
810,3,pre_crastinate,Essex
810,4,pre_crastinate,Essex
810,5,pre_crastinate,Essex
810,6,pre_crastinate,Essex
811,1,pre_crastinate,Essex
811,2,pre_crastinate,Essex
811,3,pre_crastinate,Essex
811,4,pre_crastinate,Essex
811,5,pre_crastinate,Essex
811,6,pre_crastinate,Essex
812,1,sensible,Essex
812,2,sensible,Essex
812,3,sensible,Essex
812,4,sensible,Essex
812,5,sensible,Essex
812,6,sensible,Essex
813,1,sensible,Essex
813,2,sensible,Essex
813,3,sensible,Essex
813,4,pre_crastinate,Essex
813,5,sensible,Essex
813,6,sensible,Essex
814,1,sensible,Essex
814,2,sensible,Essex
814,3,sensible,Essex
814,4,sensible,Essex
814,5,sensible,Essex
814,6,sensible,Essex
900,1,double_pre_cra,Aberdeen
900,2,double_pre_cra,Aberdeen
900,3,double_pre_cra,Aberdeen
900,4,double_pre_cra,Aberdeen
900,5,double_pre_cra,Aberdeen
900,6,double_pre_cra,Aberdeen
901,1,pre_crastinate,Aberdeen
901,2,pre_crastinate,Aberdeen
901,3,pre_crastinate,Aberdeen
901,4,double_pre_cra,Aberdeen
901,5,double_pre_cra,Aberdeen
901,6,double_pre_cra,Aberdeen
902,1,pre_crastinate,Aberdeen
902,2,pre_crastinate,Aberdeen
902,3,pre_crastinate,Aberdeen
902,4,pre_crastinate,Aberdeen
902,5,pre_crastinate,Aberdeen
902,6,pre_crastinate,Aberdeen
